Customer_ID,Total_Spending,Avg_Transaction_Amount,Transaction_Count,Avg_Satisfaction,Avg_Likelihood_to_Recommend,Pct_Business_Hours,Pct_Weekend_Transactions,Cluster
1,16836.0,2806.0,6,10.0,9.0,0.17,0.17,0
2,4907.0,2453.5,2,3.0,3.0,0.0,0.5,2
3,1538.0,1538.0,1,10.0,1.0,0.0,0.0,1
4,8295.0,4147.5,2,7.0,4.0,0.5,0.5,2
5,14798.0,2959.6,5,8.0,7.0,0.6,0.4,3
6,8694.0,2898.0,3,3.0,1.0,0.0,0.33,1
7,3572.0,1786.0,2,3.0,2.0,0.0,0.0,1
8,12252.0,2042.0,6,7.0,5.0,0.5,0.33,0
9,17320.0,2165.0,8,10.0,9.0,0.38,0.12,0
10,15682.0,2613.67,6,7.0,1.0,0.67,0.5,0
11,4993.0,4993.0,1,9.0,4.0,0.0,0.0,3
12,15415.0,3083.0,5,6.0,3.0,0.4,0.0,3
13,18490.0,2054.44,9,7.0,5.0,0.22,0.22,0
14,19347.0,2763.86,7,10.0,5.0,0.43,0.14,0
15,24941.0,3117.62,8,1.0,10.0,0.25,0.38,0
16,28563.0,3570.38,8,7.0,2.0,0.38,0.25,0
17,14484.0,2896.8,5,2.0,5.0,0.2,0.0,3
18,8074.0,2018.5,4,7.0,9.0,0.25,0.5,2
19,6929.0,2309.67,3,3.0,5.0,0.33,0.0,1
20,4408.0,4408.0,1,9.0,10.0,0.0,0.0,3
21,14190.0,2365.0,6,5.0,2.0,0.0,0.0,0
22,7440.0,2480.0,3,7.0,7.0,0.67,0.33,3
23,19469.0,1946.9,10,8.0,6.0,0.3,0.2,0
24,16534.0,4133.5,4,2.0,7.0,0.5,0.0,3
25,12719.0,3179.75,4,1.0,8.0,0.5,0.5,2
26,9026.0,2256.5,4,7.0,10.0,0.25,0.0,1
27,19989.0,3331.5,6,6.0,5.0,0.5,0.5,0
28,20987.0,2998.14,7,6.0,2.0,0.14,0.43,0
29,4253.0,1417.67,3,2.0,7.0,0.0,0.33,1
30,22781.0,2531.22,9,3.0,7.0,0.44,0.0,0
31,14962.0,2493.67,6,4.0,8.0,0.33,0.17,0
32,28958.0,3217.56,9,3.0,7.0,0.33,0.11,0
33,5771.0,1923.67,3,2.0,10.0,0.0,0.33,1
34,16045.0,2674.17,6,3.0,7.0,0.0,0.67,2
35,8533.0,2844.33,3,6.0,9.0,0.0,0.33,2
36,24595.0,2732.78,9,9.0,8.0,0.11,0.33,0
37,11775.0,1962.5,6,4.0,2.0,0.33,0.33,1
38,26319.0,2924.33,9,6.0,2.0,0.22,0.11,0
39,26202.0,2620.2,10,1.0,7.0,0.3,0.2,0
40,6511.0,1627.75,4,6.0,10.0,0.5,0.25,1
41,16246.0,4061.5,4,3.0,10.0,0.25,0.5,2
42,9132.0,2283.0,4,9.0,3.0,0.25,0.25,1
43,5050.0,1010.0,5,4.0,1.0,0.2,0.4,1
44,9153.0,2288.25,4,7.0,9.0,0.25,0.0,1
45,11109.0,2777.25,4,4.0,3.0,0.25,0.25,1
46,8310.0,1187.14,7,6.0,1.0,0.29,0.43,1
47,19663.0,2457.88,8,7.0,6.0,0.12,0.38,0
48,11357.0,2839.25,4,2.0,4.0,0.0,0.5,2
49,6676.0,2225.33,3,10.0,1.0,0.0,0.33,1
50,7730.0,1288.33,6,6.0,4.0,0.17,0.33,1
51,13557.0,2259.5,6,8.0,8.0,0.33,0.5,2
52,23619.0,2952.38,8,6.0,7.0,0.12,0.38,0
53,16540.0,3308.0,5,6.0,1.0,0.2,0.6,2
55,19847.0,3307.83,6,1.0,9.0,0.5,0.17,0
56,11486.0,2297.2,5,7.0,6.0,0.2,0.2,1
57,2570.0,1285.0,2,8.0,2.0,0.5,0.0,1
58,6288.0,1572.0,4,10.0,3.0,0.25,0.25,1
59,28720.0,3590.0,8,2.0,7.0,0.12,0.25,0
60,2784.0,1392.0,2,10.0,3.0,0.0,0.0,1
61,1848.0,924.0,2,5.0,3.0,0.5,0.0,1
62,7112.0,1422.4,5,8.0,5.0,0.2,0.2,1
63,8502.0,2125.5,4,8.0,3.0,0.25,0.25,1
64,4518.0,4518.0,1,5.0,3.0,1.0,0.0,3
65,7665.0,1916.25,4,8.0,5.0,0.75,0.0,3
66,17008.0,2429.71,7,6.0,5.0,0.29,0.43,0
67,17507.0,2917.83,6,5.0,9.0,0.0,0.33,0
68,15692.0,2241.71,7,4.0,1.0,0.14,0.14,0
69,11484.0,1914.0,6,5.0,1.0,0.0,0.33,1
70,6152.0,2050.67,3,4.0,9.0,0.0,0.33,1
71,12508.0,1786.86,7,1.0,5.0,0.43,0.29,0
72,23293.0,3882.17,6,3.0,4.0,0.17,0.17,0
73,12600.0,2100.0,6,8.0,2.0,0.67,0.17,3
74,7363.0,1051.86,7,7.0,9.0,0.43,0.29,1
75,9301.0,3100.33,3,7.0,6.0,0.33,0.0,3
76,5693.0,2846.5,2,3.0,9.0,0.5,0.0,3
77,15111.0,2158.71,7,9.0,5.0,0.29,0.29,0
78,25838.0,2870.89,9,6.0,4.0,0.22,0.33,0
79,30179.0,3017.9,10,8.0,7.0,0.3,0.2,0
80,14875.0,3718.75,4,8.0,5.0,0.75,0.0,3
81,20282.0,2535.25,8,3.0,8.0,0.38,0.38,0
82,15031.0,3757.75,4,4.0,8.0,0.0,0.25,2
83,15720.0,2245.71,7,6.0,2.0,0.0,0.29,0
84,22828.0,2853.5,8,2.0,5.0,0.0,0.25,0
85,10414.0,2082.8,5,7.0,10.0,0.8,0.4,3
86,11973.0,2394.6,5,2.0,8.0,0.6,0.2,3
87,11480.0,1640.0,7,5.0,3.0,0.71,0.14,3
89,2318.0,1159.0,2,9.0,3.0,0.0,0.0,1
90,15559.0,2593.17,6,2.0,6.0,0.67,0.33,3
91,9780.0,3260.0,3,7.0,2.0,0.0,0.33,2
92,11939.0,2387.8,5,7.0,6.0,0.2,0.2,1
93,6254.0,2084.67,3,7.0,6.0,0.33,0.33,1
94,7010.0,3505.0,2,1.0,8.0,0.5,0.5,2
95,21748.0,2718.5,8,8.0,5.0,0.12,0.25,0
96,9522.0,2380.5,4,2.0,1.0,0.0,0.0,1
97,10806.0,2161.2,5,5.0,8.0,0.8,0.0,3
98,2536.0,1268.0,2,2.0,9.0,0.0,0.0,1
99,12878.0,2575.6,5,5.0,1.0,0.6,0.4,3
100,5850.0,1462.5,4,7.0,5.0,0.25,0.0,1
101,1552.0,1552.0,1,6.0,6.0,0.0,1.0,2
102,9005.0,4502.5,2,5.0,4.0,0.0,0.5,2
103,20527.0,2565.88,8,4.0,2.0,0.5,0.12,0
104,17691.0,2948.5,6,8.0,5.0,0.33,0.17,0
105,12515.0,1787.86,7,8.0,4.0,0.43,0.43,0
106,18226.0,2025.11,9,1.0,7.0,0.44,0.11,0
107,9201.0,1533.5,6,10.0,6.0,0.5,0.67,2
108,22922.0,3274.57,7,2.0,3.0,0.43,0.14,0
109,7492.0,1498.4,5,3.0,9.0,0.2,0.4,1
110,5303.0,1325.75,4,1.0,4.0,0.25,0.25,1
111,13866.0,2311.0,6,6.0,5.0,0.33,0.33,0
112,15824.0,2260.57,7,10.0,3.0,0.43,0.57,0
113,21835.0,2729.38,8,8.0,8.0,0.5,0.12,0
114,3761.0,1880.5,2,4.0,7.0,0.0,0.0,1
115,5187.0,1296.75,4,7.0,7.0,0.25,0.25,1
116,22409.0,3201.29,7,7.0,8.0,0.43,0.29,0
117,23698.0,2962.25,8,5.0,7.0,0.38,0.38,0
118,10669.0,3556.33,3,6.0,3.0,0.67,0.0,3
119,8152.0,2717.33,3,10.0,3.0,0.67,0.33,3
120,12990.0,1855.71,7,4.0,2.0,0.14,0.14,0
121,6941.0,3470.5,2,7.0,1.0,0.0,0.0,1
122,22732.0,2841.5,8,5.0,5.0,0.25,0.25,0
123,9326.0,2331.5,4,2.0,4.0,0.25,0.0,1
124,1017.0,1017.0,1,8.0,2.0,0.0,0.0,1
125,12811.0,4270.33,3,2.0,1.0,0.33,0.67,2
126,4171.0,4171.0,1,8.0,3.0,1.0,0.0,3
127,7813.0,2604.33,3,2.0,6.0,0.33,0.33,2
128,12388.0,3097.0,4,5.0,2.0,0.0,0.0,1
129,17920.0,3584.0,5,4.0,10.0,0.4,0.6,2
130,13153.0,4384.33,3,1.0,7.0,0.33,0.33,3
131,15541.0,3108.2,5,8.0,7.0,0.4,0.2,3
132,8478.0,1695.6,5,10.0,3.0,0.4,0.0,1
133,6624.0,1656.0,4,3.0,1.0,0.5,0.5,1
134,8267.0,2066.75,4,4.0,9.0,0.0,0.75,2
135,9408.0,2352.0,4,4.0,5.0,0.0,0.0,1
136,22198.0,3699.67,6,5.0,2.0,0.33,0.17,0
137,3520.0,3520.0,1,3.0,8.0,1.0,0.0,3
138,7340.0,2446.67,3,9.0,10.0,0.33,0.67,2
139,5581.0,2790.5,2,4.0,10.0,0.5,0.5,2
140,3528.0,3528.0,1,10.0,4.0,1.0,0.0,3
141,11646.0,2911.5,4,4.0,10.0,0.25,0.25,3
142,24363.0,3480.43,7,6.0,7.0,0.14,0.14,0
143,9366.0,2341.5,4,8.0,5.0,0.0,0.5,2
144,10382.0,3460.67,3,7.0,3.0,0.33,0.67,2
145,12295.0,1756.43,7,4.0,10.0,0.43,0.57,2
146,12493.0,2498.6,5,4.0,8.0,0.6,0.0,3
147,5190.0,1297.5,4,5.0,2.0,0.75,0.25,1
148,18354.0,2294.25,8,10.0,1.0,0.25,0.12,0
149,34396.0,2866.33,12,5.0,5.0,0.17,0.33,0
150,14793.0,3698.25,4,1.0,4.0,0.25,0.25,3
151,12631.0,3157.75,4,8.0,10.0,0.0,0.25,2
152,22796.0,3256.57,7,10.0,7.0,0.43,0.0,0
153,14655.0,2931.0,5,5.0,9.0,0.4,0.2,3
154,15514.0,2585.67,6,3.0,6.0,0.33,0.17,0
155,16752.0,2792.0,6,3.0,1.0,0.0,0.33,0
156,22256.0,2782.0,8,4.0,8.0,0.38,0.25,0
157,8350.0,2087.5,4,7.0,2.0,0.5,0.75,2
158,12497.0,2499.4,5,5.0,4.0,0.6,0.4,3
159,8296.0,2765.33,3,1.0,3.0,0.33,0.0,3
160,6309.0,2103.0,3,5.0,6.0,0.0,0.33,1
161,28531.0,2377.58,12,5.0,2.0,0.42,0.25,0
162,12887.0,1841.0,7,6.0,5.0,0.29,0.0,0
163,737.0,737.0,1,7.0,9.0,0.0,1.0,2
164,12567.0,3141.75,4,5.0,3.0,0.25,0.0,3
165,13925.0,3481.25,4,2.0,2.0,0.75,0.25,3
166,9306.0,2326.5,4,2.0,2.0,0.5,0.0,3
167,10262.0,1710.33,6,4.0,9.0,0.33,0.33,1
168,7771.0,1295.17,6,1.0,6.0,0.5,0.67,2
169,21372.0,2374.67,9,7.0,2.0,0.22,0.44,0
170,1702.0,1702.0,1,1.0,3.0,1.0,0.0,3
171,3641.0,1820.5,2,3.0,1.0,0.5,1.0,2
172,17092.0,2441.71,7,10.0,2.0,0.43,0.43,0
173,10760.0,2690.0,4,7.0,2.0,0.5,0.5,2
174,5613.0,1871.0,3,6.0,2.0,0.33,0.67,2
175,16274.0,2324.86,7,7.0,7.0,0.14,0.43,0
176,10166.0,2541.5,4,5.0,3.0,0.25,0.25,1
177,11113.0,1852.17,6,8.0,4.0,0.17,0.17,1
178,11780.0,1963.33,6,6.0,2.0,0.33,0.17,1
179,8134.0,2033.5,4,4.0,5.0,0.25,0.5,2
180,11064.0,2212.8,5,1.0,9.0,0.6,0.2,3
181,10698.0,2674.5,4,2.0,9.0,0.5,0.25,3
182,4709.0,2354.5,2,6.0,7.0,1.0,0.0,3
183,13940.0,2323.33,6,4.0,8.0,0.33,0.0,3
184,14820.0,2470.0,6,3.0,5.0,0.17,0.5,2
185,15906.0,2272.29,7,7.0,5.0,0.43,0.43,0
186,18257.0,2608.14,7,7.0,3.0,0.57,0.43,0
187,5919.0,1973.0,3,2.0,6.0,0.33,0.33,1
188,10912.0,2728.0,4,8.0,1.0,0.0,0.25,1
189,19216.0,2135.11,9,1.0,3.0,0.33,0.33,0
190,5175.0,2587.5,2,10.0,2.0,0.5,0.0,3
191,16531.0,2755.17,6,7.0,7.0,0.33,0.17,0
192,17200.0,2457.14,7,10.0,9.0,0.29,0.14,0
193,21112.0,3016.0,7,1.0,4.0,0.57,0.43,0
194,21814.0,2726.75,8,3.0,7.0,0.12,0.5,0
195,18041.0,3608.2,5,3.0,8.0,0.4,0.2,3
196,13945.0,2324.17,6,10.0,10.0,0.33,0.17,0
197,7851.0,2617.0,3,2.0,2.0,0.33,0.67,2
198,17538.0,2923.0,6,10.0,7.0,0.33,0.0,0
199,10680.0,2670.0,4,5.0,3.0,1.0,0.0,3
200,4422.0,2211.0,2,4.0,8.0,1.0,0.5,3
201,7618.0,1523.6,5,6.0,6.0,0.2,0.2,1
202,29806.0,2980.6,10,2.0,3.0,0.1,0.3,0
203,15901.0,2650.17,6,4.0,8.0,0.33,0.17,0
204,7810.0,1952.5,4,7.0,3.0,0.5,0.0,1
205,8272.0,2757.33,3,1.0,9.0,0.33,0.33,2
206,3450.0,1725.0,2,3.0,3.0,0.5,0.5,1
207,20991.0,3498.5,6,1.0,1.0,0.0,0.5,0
208,8592.0,2148.0,4,2.0,2.0,0.25,0.0,1
209,3819.0,954.75,4,9.0,4.0,0.5,0.25,1
210,11518.0,3839.33,3,10.0,2.0,1.0,0.0,3
211,10456.0,2614.0,4,5.0,4.0,0.25,0.25,1
212,4204.0,2102.0,2,4.0,4.0,0.5,0.0,1
213,4766.0,953.2,5,4.0,4.0,0.4,0.2,1
214,11440.0,2288.0,5,8.0,1.0,0.6,0.4,3
215,13713.0,2285.5,6,3.0,9.0,0.5,0.33,3
216,15663.0,2610.5,6,4.0,10.0,0.33,0.17,0
217,19007.0,2375.88,8,2.0,7.0,0.38,0.25,0
218,10346.0,2586.5,4,6.0,2.0,0.0,0.5,2
219,10575.0,1762.5,6,9.0,3.0,0.17,0.5,1
220,17741.0,2534.43,7,4.0,8.0,0.29,0.29,0
221,7280.0,3640.0,2,6.0,7.0,0.0,0.5,2
222,23154.0,3859.0,6,4.0,4.0,0.5,0.5,0
223,10797.0,1799.5,6,2.0,4.0,0.17,0.5,2
224,9272.0,2318.0,4,6.0,9.0,0.75,0.0,3
225,11296.0,2824.0,4,7.0,5.0,0.25,0.0,3
226,7757.0,3878.5,2,4.0,5.0,0.0,0.5,2
227,9941.0,1988.2,5,6.0,7.0,0.6,0.2,3
228,13969.0,2328.17,6,8.0,1.0,0.33,0.0,0
229,5974.0,1991.33,3,3.0,3.0,0.0,0.33,1
230,11144.0,2228.8,5,2.0,2.0,0.2,0.4,2
231,7034.0,1406.8,5,5.0,10.0,0.8,0.6,2
232,15353.0,3838.25,4,2.0,6.0,0.0,0.0,3
233,10936.0,2187.2,5,10.0,6.0,0.4,0.8,2
234,13926.0,2321.0,6,5.0,10.0,0.5,0.17,3
235,7797.0,3898.5,2,10.0,1.0,0.0,0.0,3
236,14063.0,2343.83,6,6.0,6.0,0.5,0.17,3
237,4888.0,4888.0,1,8.0,10.0,1.0,0.0,3
238,3267.0,1633.5,2,6.0,2.0,0.5,0.0,1
239,8082.0,2020.5,4,4.0,4.0,0.25,0.25,1
240,13699.0,1957.0,7,3.0,6.0,0.57,0.14,0
241,18421.0,2302.62,8,2.0,3.0,0.5,0.25,0
242,15706.0,3926.5,4,1.0,3.0,0.25,0.5,2
243,12097.0,2419.4,5,2.0,3.0,0.2,0.4,2
244,25356.0,2535.6,10,2.0,4.0,0.6,0.3,0
245,20364.0,2545.5,8,5.0,9.0,0.38,0.12,0
246,13095.0,1636.88,8,9.0,4.0,0.38,0.25,0
247,12176.0,2029.33,6,1.0,4.0,0.67,0.33,3
248,8430.0,2810.0,3,4.0,4.0,0.0,0.0,1
249,16771.0,3354.2,5,10.0,7.0,0.6,0.6,2
250,6732.0,2244.0,3,7.0,5.0,0.0,0.67,2
251,4497.0,1499.0,3,10.0,2.0,0.0,0.0,1
252,3454.0,1727.0,2,3.0,7.0,0.0,0.5,1
253,13723.0,2287.17,6,8.0,3.0,0.17,0.33,0
254,16947.0,3389.4,5,3.0,1.0,0.6,0.4,3
255,9699.0,2424.75,4,8.0,9.0,0.5,0.25,3
256,4900.0,1633.33,3,2.0,5.0,0.0,0.0,1
257,10457.0,2091.4,5,5.0,10.0,0.2,0.8,2
258,20083.0,3347.17,6,4.0,1.0,0.33,0.17,0
259,24962.0,3566.0,7,9.0,1.0,0.43,0.43,0
260,24476.0,2719.56,9,3.0,1.0,0.11,0.33,0
261,10994.0,2198.8,5,5.0,9.0,0.4,0.2,3
262,22368.0,3195.43,7,10.0,8.0,0.14,0.29,0
263,13666.0,1952.29,7,9.0,6.0,0.29,0.29,0
264,4269.0,1067.25,4,6.0,10.0,0.25,0.0,1
265,10912.0,2182.4,5,2.0,6.0,0.2,0.4,2
266,1636.0,818.0,2,1.0,6.0,0.0,0.0,1
267,15174.0,3034.8,5,1.0,4.0,0.8,0.6,2
268,1686.0,843.0,2,7.0,5.0,0.0,0.5,1
269,9061.0,1812.2,5,2.0,10.0,0.4,0.4,2
270,13914.0,2319.0,6,7.0,3.0,0.17,0.17,0
271,13787.0,1969.57,7,1.0,3.0,0.57,0.57,2
272,14685.0,2937.0,5,4.0,10.0,0.4,0.2,3
273,16307.0,2329.57,7,10.0,7.0,0.57,0.14,0
274,7614.0,1903.5,4,4.0,5.0,0.25,0.5,2
275,7098.0,1419.6,5,5.0,8.0,0.2,0.0,1
276,23797.0,2974.62,8,10.0,5.0,0.38,0.12,0
277,11538.0,2884.5,4,1.0,4.0,0.5,0.5,2
278,16540.0,2362.86,7,7.0,3.0,0.14,0.29,0
279,9164.0,1527.33,6,2.0,2.0,0.67,0.33,1
280,4335.0,2167.5,2,2.0,3.0,0.5,0.0,1
281,25670.0,3667.14,7,8.0,7.0,0.14,0.29,0
282,2539.0,2539.0,1,9.0,8.0,0.0,0.0,1
283,16347.0,2724.5,6,6.0,5.0,0.5,0.0,3
284,9103.0,3034.33,3,1.0,1.0,0.0,0.0,1
285,16980.0,3396.0,5,1.0,3.0,0.2,0.0,3
286,14048.0,2006.86,7,7.0,4.0,0.57,0.29,0
287,10442.0,1740.33,6,8.0,10.0,0.33,0.33,1
288,19863.0,2837.57,7,3.0,4.0,0.43,0.29,0
289,6770.0,2256.67,3,9.0,1.0,0.33,0.33,1
290,24774.0,3096.75,8,4.0,10.0,0.25,0.38,0
291,3708.0,1854.0,2,4.0,9.0,0.5,0.0,1
292,5782.0,1927.33,3,3.0,10.0,0.67,0.67,2
293,7968.0,2656.0,3,8.0,4.0,0.33,0.33,1
294,13197.0,1885.29,7,9.0,2.0,0.14,0.14,0
295,19554.0,3259.0,6,1.0,9.0,0.17,0.17,0
296,13579.0,2715.8,5,2.0,4.0,0.0,0.6,2
297,22862.0,2857.75,8,1.0,4.0,0.62,0.5,0
298,13130.0,3282.5,4,4.0,6.0,0.75,0.0,3
299,8270.0,4135.0,2,10.0,8.0,0.5,0.5,3
300,9116.0,1823.2,5,7.0,5.0,0.6,0.0,3
301,19287.0,3857.4,5,7.0,8.0,0.0,0.6,2
302,17662.0,2523.14,7,6.0,1.0,0.14,0.43,0
303,11487.0,2297.4,5,5.0,4.0,0.2,0.6,2
304,15731.0,1966.38,8,4.0,1.0,0.25,0.12,0
305,12673.0,3168.25,4,8.0,3.0,0.75,0.75,2
306,8528.0,2842.67,3,7.0,7.0,0.0,0.0,1
307,17716.0,1968.44,9,10.0,1.0,0.22,0.56,0
308,26462.0,2646.2,10,1.0,5.0,0.2,0.5,0
309,7750.0,2583.33,3,6.0,1.0,0.67,0.0,3
310,15821.0,1977.62,8,2.0,6.0,0.38,0.38,0
311,5048.0,1682.67,3,4.0,9.0,0.0,0.33,1
312,20988.0,2998.29,7,5.0,3.0,0.29,0.29,0
313,8217.0,2054.25,4,8.0,6.0,0.0,0.25,1
314,10005.0,2501.25,4,6.0,4.0,0.75,0.5,3
315,4825.0,4825.0,1,2.0,6.0,0.0,0.0,3
316,17708.0,2951.33,6,5.0,2.0,0.33,0.0,0
317,9703.0,2425.75,4,5.0,4.0,0.75,0.5,2
318,9877.0,3292.33,3,6.0,7.0,0.33,0.0,3
319,7885.0,2628.33,3,1.0,6.0,0.33,0.33,2
320,19369.0,2421.12,8,8.0,9.0,0.62,0.12,0
321,16246.0,2707.67,6,3.0,7.0,0.33,0.5,2
322,5742.0,2871.0,2,5.0,1.0,0.0,1.0,2
323,2816.0,2816.0,1,7.0,6.0,0.0,0.0,1
324,2392.0,1196.0,2,3.0,3.0,0.0,0.0,1
325,13376.0,3344.0,4,10.0,8.0,0.5,0.25,3
326,6981.0,2327.0,3,6.0,1.0,0.33,0.33,1
327,3692.0,1846.0,2,5.0,10.0,1.0,0.5,3
328,8734.0,1746.8,5,7.0,2.0,0.4,0.6,2
329,18744.0,2677.71,7,10.0,3.0,0.14,0.29,0
330,18841.0,3140.17,6,3.0,3.0,0.67,0.17,3
331,13418.0,2236.33,6,2.0,7.0,0.33,0.0,3
332,6710.0,1677.5,4,4.0,8.0,0.5,0.25,1
333,20410.0,2551.25,8,3.0,9.0,0.12,0.25,0
334,9452.0,1890.4,5,4.0,7.0,0.2,0.2,1
335,13724.0,2744.8,5,7.0,8.0,0.4,0.6,2
336,9769.0,1395.57,7,5.0,6.0,0.29,0.14,1
337,18546.0,3091.0,6,4.0,2.0,0.17,0.17,0
338,25222.0,4203.67,6,6.0,1.0,0.5,0.33,0
339,12374.0,2062.33,6,7.0,3.0,0.67,0.5,2
340,13414.0,2682.8,5,5.0,9.0,0.4,0.4,2
341,11859.0,2964.75,4,7.0,7.0,0.5,0.5,2
342,24069.0,3008.62,8,3.0,2.0,0.25,0.0,0
343,10179.0,2035.8,5,7.0,1.0,0.2,0.2,1
344,3757.0,1252.33,3,3.0,2.0,0.33,0.33,1
345,14161.0,2360.17,6,6.0,3.0,0.17,0.0,0
346,15121.0,2520.17,6,8.0,6.0,0.5,0.5,0
347,12411.0,3102.75,4,6.0,9.0,0.75,0.0,3
348,14463.0,2410.5,6,6.0,8.0,0.33,0.5,2
349,11111.0,2222.2,5,3.0,10.0,0.0,0.2,1
350,19741.0,3948.2,5,5.0,9.0,0.2,0.2,0
351,29433.0,2675.73,11,9.0,8.0,0.18,0.55,0
352,13363.0,3340.75,4,8.0,7.0,0.75,0.0,3
353,6249.0,2083.0,3,6.0,6.0,0.33,0.0,1
354,10395.0,2598.75,4,9.0,8.0,0.75,0.0,3
355,4273.0,4273.0,1,2.0,6.0,1.0,0.0,3
356,15496.0,3099.2,5,9.0,2.0,0.2,0.4,0
357,22992.0,3284.57,7,10.0,9.0,0.29,0.43,0
358,1898.0,949.0,2,10.0,9.0,0.0,0.0,1
359,4150.0,1383.33,3,6.0,3.0,0.33,0.0,1
360,24567.0,3509.57,7,9.0,9.0,0.29,0.14,0
361,18701.0,2671.57,7,4.0,2.0,0.29,0.29,0
362,1884.0,628.0,3,5.0,3.0,0.67,0.67,1
363,25828.0,4304.67,6,2.0,6.0,0.17,0.67,0
364,9068.0,4534.0,2,3.0,4.0,0.5,0.0,3
365,15414.0,3082.8,5,1.0,8.0,0.6,0.6,2
366,14116.0,2823.2,5,4.0,1.0,0.4,0.4,2
367,10937.0,2734.25,4,2.0,6.0,0.5,0.25,3
368,18390.0,2627.14,7,2.0,2.0,0.57,0.43,0
369,12450.0,2490.0,5,1.0,6.0,0.2,0.2,1
370,15413.0,2201.86,7,10.0,1.0,0.14,0.14,0
371,9199.0,4599.5,2,2.0,2.0,0.5,0.5,2
372,26867.0,3358.38,8,4.0,9.0,0.12,0.38,0
373,17243.0,3448.6,5,6.0,6.0,0.2,0.4,0
374,13883.0,2313.83,6,7.0,8.0,0.67,0.33,3
375,7727.0,1931.75,4,7.0,7.0,0.75,0.75,2
376,18271.0,3045.17,6,7.0,9.0,0.17,0.5,0
377,3600.0,900.0,4,4.0,9.0,0.75,0.25,1
378,15605.0,1733.89,9,5.0,4.0,0.11,0.22,0
379,14620.0,2436.67,6,3.0,7.0,0.5,0.0,3
380,15311.0,3062.2,5,1.0,5.0,0.6,0.2,3
381,3078.0,1026.0,3,6.0,7.0,0.33,0.0,1
382,21058.0,3509.67,6,10.0,4.0,0.33,0.33,0
383,11248.0,2249.6,5,7.0,10.0,0.2,0.8,2
385,14357.0,3589.25,4,10.0,4.0,0.25,0.25,3
386,22013.0,4402.6,5,4.0,10.0,0.6,0.2,3
387,5697.0,1424.25,4,5.0,3.0,0.0,0.0,1
388,7296.0,2432.0,3,5.0,9.0,1.0,1.0,2
389,17320.0,2474.29,7,7.0,5.0,0.14,0.14,0
390,9314.0,2328.5,4,9.0,4.0,0.25,0.25,1
391,5000.0,2500.0,2,8.0,8.0,0.5,0.5,2
392,7497.0,3748.5,2,7.0,5.0,0.5,0.5,2
393,22365.0,3195.0,7,1.0,3.0,0.14,0.57,0
394,9007.0,2251.75,4,10.0,2.0,0.5,0.0,3
395,6365.0,1591.25,4,6.0,8.0,0.0,0.5,1
396,18779.0,3755.8,5,10.0,2.0,0.4,0.4,0
397,5862.0,1954.0,3,9.0,8.0,0.33,1.0,2
398,12016.0,3004.0,4,7.0,5.0,0.25,0.25,3
399,10507.0,2101.4,5,1.0,8.0,0.4,0.2,3
400,17925.0,3585.0,5,9.0,5.0,0.4,0.0,3
401,8722.0,2907.33,3,3.0,1.0,0.33,0.67,2
402,14498.0,2899.6,5,9.0,2.0,0.2,0.8,2
403,9454.0,3151.33,3,4.0,6.0,0.67,0.0,3
404,1607.0,803.5,2,9.0,3.0,0.5,0.5,1
405,15411.0,2201.57,7,8.0,8.0,0.57,0.14,0
406,7306.0,1826.5,4,7.0,5.0,0.0,0.75,2
407,9619.0,1923.8,5,4.0,3.0,0.2,0.4,1
408,10491.0,3497.0,3,9.0,10.0,0.33,0.33,3
409,9757.0,1951.4,5,4.0,7.0,0.4,0.2,1
410,21226.0,3537.67,6,1.0,8.0,0.5,0.17,0
411,6534.0,3267.0,2,6.0,4.0,0.0,0.0,1
412,13370.0,2228.33,6,4.0,9.0,0.67,0.0,3
413,15730.0,2621.67,6,10.0,6.0,0.5,0.5,0
414,8002.0,4001.0,2,3.0,1.0,0.5,0.0,3
415,7291.0,1822.75,4,5.0,5.0,0.5,0.5,2
416,20005.0,2857.86,7,3.0,5.0,0.71,0.29,0
418,7703.0,3851.5,2,6.0,7.0,0.5,1.0,2
419,20828.0,2314.22,9,3.0,6.0,0.11,0.44,0
420,17112.0,1901.33,9,5.0,8.0,0.33,0.67,0
421,9665.0,2416.25,4,8.0,2.0,0.5,0.25,3
422,17450.0,3490.0,5,8.0,7.0,0.2,0.6,2
423,20042.0,2226.89,9,6.0,10.0,0.44,0.11,0
424,16860.0,2408.57,7,5.0,7.0,0.57,0.43,0
425,7728.0,3864.0,2,5.0,4.0,0.5,1.0,2
426,11997.0,2999.25,4,1.0,10.0,0.0,0.0,3
427,5750.0,2875.0,2,2.0,2.0,0.0,0.0,1
428,15648.0,1738.67,9,4.0,4.0,0.11,0.33,0
429,15482.0,3096.4,5,6.0,4.0,0.8,0.2,3
430,7856.0,2618.67,3,7.0,6.0,0.33,0.0,3
431,7209.0,2403.0,3,1.0,7.0,0.33,0.33,2
432,10258.0,1709.67,6,8.0,3.0,0.17,0.17,1
434,13171.0,4390.33,3,9.0,1.0,0.33,0.0,3
435,11883.0,1980.5,6,4.0,3.0,0.17,0.33,1
436,6518.0,3259.0,2,7.0,9.0,0.0,0.5,2
437,13008.0,2601.6,5,6.0,1.0,0.2,0.2,1
438,9937.0,2484.25,4,9.0,8.0,0.25,0.25,1
439,14223.0,2370.5,6,2.0,2.0,0.33,0.5,2
440,9811.0,2452.75,4,7.0,6.0,0.25,0.25,1
441,12524.0,1789.14,7,5.0,3.0,0.57,0.43,0
442,12896.0,2579.2,5,7.0,7.0,0.4,0.0,3
443,9381.0,2345.25,4,1.0,2.0,0.25,0.25,1
444,18321.0,2035.67,9,10.0,4.0,0.44,0.11,0
445,13350.0,3337.5,4,9.0,10.0,0.5,0.5,2
446,20267.0,2895.29,7,1.0,9.0,0.43,0.43,0
447,7104.0,2368.0,3,5.0,6.0,1.0,0.33,3
448,4532.0,4532.0,1,8.0,4.0,0.0,0.0,3
449,15633.0,3126.6,5,1.0,2.0,0.4,0.2,3
450,25525.0,2836.11,9,7.0,10.0,0.33,0.22,0
451,1574.0,1574.0,1,2.0,9.0,0.0,0.0,1
452,5983.0,1495.75,4,7.0,4.0,0.25,0.25,1
453,5573.0,1393.25,4,7.0,9.0,0.5,0.5,1
454,12284.0,2456.8,5,9.0,2.0,0.4,0.6,2
455,6815.0,1703.75,4,6.0,7.0,0.5,0.25,1
456,16675.0,2382.14,7,4.0,5.0,0.43,0.29,0
457,6768.0,2256.0,3,7.0,8.0,0.0,0.0,1
458,9821.0,2455.25,4,7.0,8.0,0.25,0.25,1
459,17888.0,2981.33,6,4.0,4.0,0.67,0.17,3
460,10213.0,2553.25,4,2.0,4.0,0.5,0.5,2
461,10757.0,3585.67,3,9.0,8.0,0.33,0.33,3
462,9203.0,1533.83,6,8.0,3.0,0.17,0.17,1
463,19692.0,2461.5,8,5.0,7.0,0.12,0.38,0
464,11439.0,2287.8,5,5.0,8.0,0.6,0.2,3
465,19422.0,2774.57,7,1.0,8.0,0.57,0.29,0
466,18055.0,1805.5,10,9.0,10.0,0.2,0.0,0
467,12193.0,4064.33,3,10.0,4.0,0.67,0.33,3
468,18210.0,2276.25,8,8.0,9.0,0.12,0.12,0
469,6194.0,2064.67,3,6.0,10.0,0.33,0.0,1
470,7789.0,2596.33,3,10.0,4.0,0.33,0.0,3
471,14224.0,1778.0,8,6.0,8.0,0.25,0.12,0
472,5493.0,2746.5,2,10.0,6.0,0.5,0.0,3
473,17689.0,3537.8,5,10.0,5.0,0.2,0.0,0
474,15022.0,2146.0,7,8.0,4.0,0.29,0.43,0
475,22523.0,2502.56,9,6.0,5.0,0.22,0.22,0
476,17412.0,2902.0,6,10.0,1.0,0.33,0.17,0
477,8265.0,4132.5,2,4.0,7.0,0.5,0.0,3
478,11059.0,2211.8,5,3.0,8.0,0.4,0.2,3
479,5294.0,2647.0,2,7.0,9.0,1.0,0.5,3
480,8487.0,2121.75,4,2.0,3.0,0.25,0.5,2
481,5516.0,1838.67,3,7.0,9.0,0.0,0.33,1
482,5837.0,2918.5,2,1.0,10.0,0.5,0.5,2
483,22360.0,3194.29,7,10.0,5.0,0.14,0.29,0
484,21716.0,2171.6,10,5.0,10.0,0.5,0.2,0
485,3743.0,1871.5,2,9.0,6.0,0.5,0.0,1
486,5657.0,2828.5,2,1.0,1.0,0.5,0.5,2
487,5674.0,1891.33,3,8.0,9.0,0.33,0.33,1
488,11467.0,2866.75,4,9.0,9.0,0.5,0.0,3
489,14060.0,2812.0,5,9.0,6.0,0.6,0.6,2
490,11111.0,2222.2,5,8.0,8.0,0.4,0.0,3
491,9085.0,3028.33,3,4.0,4.0,0.67,0.0,3
492,7652.0,1913.0,4,7.0,5.0,0.5,0.25,1
493,8484.0,1414.0,6,1.0,5.0,0.5,0.5,2
494,21022.0,4204.4,5,7.0,7.0,0.4,0.0,3
495,8772.0,2193.0,4,6.0,7.0,0.25,0.5,2
496,5458.0,1364.5,4,5.0,7.0,0.25,0.0,1
497,14990.0,2998.0,5,1.0,5.0,0.4,0.2,3
498,18333.0,3055.5,6,8.0,4.0,0.33,0.17,0
499,12058.0,2411.6,5,10.0,8.0,0.6,0.4,3
500,24141.0,3448.71,7,1.0,1.0,0.43,0.29,0
501,14879.0,2975.8,5,1.0,1.0,0.0,0.2,0
502,4006.0,2003.0,2,3.0,6.0,0.5,0.0,1
503,8494.0,1698.8,5,8.0,2.0,0.2,0.4,1
504,4149.0,1037.25,4,8.0,3.0,0.25,0.0,1
505,4650.0,2325.0,2,7.0,4.0,0.0,0.5,1
506,25212.0,2521.2,10,5.0,2.0,0.4,0.6,0
507,9194.0,2298.5,4,8.0,10.0,0.5,0.25,3
508,11555.0,2311.0,5,2.0,7.0,0.2,0.0,1
509,22654.0,3236.29,7,8.0,10.0,0.29,0.29,0
510,13106.0,3276.5,4,2.0,1.0,0.0,0.75,2
511,27719.0,2771.9,10,10.0,3.0,0.1,0.4,0
512,11031.0,1838.5,6,5.0,2.0,0.33,0.33,1
513,9863.0,1972.6,5,4.0,9.0,0.2,0.4,2
514,8702.0,2175.5,4,1.0,8.0,0.5,0.25,3
515,12670.0,3167.5,4,5.0,3.0,0.5,0.0,3
516,24341.0,3477.29,7,7.0,5.0,0.29,0.43,0
517,1303.0,434.33,3,1.0,3.0,0.33,0.0,1
518,17706.0,2529.43,7,2.0,6.0,0.57,0.0,0
519,21687.0,3098.14,7,9.0,5.0,0.43,0.29,0
520,26378.0,3297.25,8,5.0,2.0,0.62,0.12,0
521,10847.0,3615.67,3,7.0,10.0,1.0,0.0,3
522,23279.0,2586.56,9,2.0,8.0,0.56,0.22,0
523,7721.0,2573.67,3,7.0,6.0,0.0,0.33,1
524,6355.0,2118.33,3,7.0,3.0,0.67,0.33,3
525,17537.0,2192.12,8,7.0,1.0,0.25,0.25,0
526,15809.0,2258.43,7,5.0,5.0,0.43,0.43,0
527,16417.0,1824.11,9,9.0,2.0,0.44,0.22,0
528,18764.0,2680.57,7,2.0,2.0,0.14,0.0,0
529,12706.0,2541.2,5,4.0,9.0,0.2,0.4,2
530,37281.0,3389.18,11,10.0,10.0,0.18,0.45,0
531,9910.0,1982.0,5,8.0,7.0,0.2,0.4,1
532,7664.0,1532.8,5,1.0,6.0,0.2,0.2,1
533,14481.0,2068.71,7,9.0,1.0,0.14,0.57,0
534,12608.0,2521.6,5,5.0,10.0,0.2,0.4,2
535,17520.0,3504.0,5,3.0,2.0,0.0,0.2,0
536,11304.0,2826.0,4,4.0,7.0,0.0,0.25,2
537,18226.0,2603.71,7,1.0,3.0,0.43,0.0,0
538,15006.0,3001.2,5,6.0,2.0,0.4,0.2,3
539,8159.0,2719.67,3,8.0,6.0,0.33,0.0,3
540,12452.0,1778.86,7,2.0,8.0,0.14,0.29,0
541,11978.0,2994.5,4,2.0,8.0,0.5,0.5,2
542,18395.0,2299.38,8,9.0,2.0,0.25,0.38,0
543,13713.0,2742.6,5,5.0,6.0,0.2,0.2,0
544,10169.0,2033.8,5,5.0,5.0,0.2,0.2,1
545,3859.0,1929.5,2,1.0,7.0,0.5,0.5,2
546,4074.0,2037.0,2,6.0,4.0,0.0,0.5,1
547,1860.0,620.0,3,8.0,2.0,0.67,0.33,1
548,14860.0,2122.86,7,6.0,10.0,0.29,0.0,0
549,14506.0,3626.5,4,7.0,3.0,0.5,0.25,3
550,12162.0,2432.4,5,4.0,9.0,0.4,0.0,3
551,820.0,820.0,1,2.0,10.0,0.0,0.0,1
552,10923.0,2730.75,4,1.0,8.0,0.5,0.5,2
553,8231.0,2057.75,4,6.0,9.0,0.5,0.25,3
554,8542.0,4271.0,2,9.0,5.0,0.5,0.0,3
555,15942.0,2657.0,6,10.0,5.0,0.67,0.17,3
556,2167.0,2167.0,1,5.0,7.0,0.0,0.0,1
557,19825.0,2478.12,8,2.0,7.0,0.62,0.12,0
558,3448.0,1149.33,3,1.0,1.0,0.33,0.0,1
559,13937.0,3484.25,4,6.0,5.0,0.5,0.25,3
560,13417.0,2236.17,6,4.0,8.0,0.33,0.17,0
561,10949.0,1824.83,6,7.0,7.0,0.17,0.33,1
562,14001.0,2333.5,6,9.0,2.0,0.33,0.17,0
563,9270.0,3090.0,3,8.0,8.0,0.0,1.0,2
564,4292.0,1430.67,3,9.0,2.0,0.33,0.33,1
565,13240.0,1891.43,7,7.0,10.0,0.29,0.29,0
566,8172.0,1634.4,5,10.0,1.0,0.6,0.6,2
567,14278.0,2855.6,5,8.0,3.0,0.6,0.4,3
568,14330.0,2388.33,6,8.0,3.0,0.33,0.0,0
569,11112.0,2778.0,4,1.0,6.0,0.5,0.0,3
570,19371.0,2767.29,7,9.0,3.0,0.86,0.0,3
571,7321.0,3660.5,2,2.0,7.0,0.5,0.5,2
572,2123.0,2123.0,1,7.0,8.0,0.0,0.0,1
573,16093.0,4023.25,4,10.0,3.0,0.5,0.25,3
574,16535.0,4133.75,4,10.0,9.0,0.5,0.75,2
575,21227.0,2653.38,8,5.0,1.0,0.38,0.12,0
576,14456.0,3614.0,4,4.0,3.0,0.25,0.0,3
577,13368.0,2673.6,5,1.0,3.0,0.4,0.2,3
578,6648.0,2216.0,3,1.0,7.0,0.0,0.0,1
579,20309.0,2538.62,8,3.0,5.0,0.25,0.12,0
580,11092.0,2773.0,4,1.0,4.0,0.75,0.0,3
581,11988.0,1712.57,7,8.0,2.0,0.29,0.43,0
582,7632.0,3816.0,2,3.0,7.0,0.5,0.0,3
583,20279.0,3379.83,6,10.0,3.0,0.33,0.5,0
584,19940.0,2848.57,7,2.0,7.0,0.71,0.29,0
585,3035.0,1517.5,2,6.0,10.0,0.5,0.0,1
586,12796.0,2559.2,5,4.0,7.0,0.0,0.4,2
587,17793.0,2541.86,7,4.0,2.0,0.43,0.43,0
588,10806.0,3602.0,3,2.0,7.0,0.33,0.0,3
589,9702.0,3234.0,3,2.0,6.0,0.0,1.0,2
590,15685.0,1960.62,8,6.0,10.0,0.25,0.25,0
591,21291.0,3041.57,7,5.0,4.0,0.29,0.29,0
592,7200.0,1800.0,4,9.0,5.0,0.0,0.5,1
593,6056.0,2018.67,3,4.0,8.0,0.0,0.0,1
594,16448.0,2741.33,6,5.0,5.0,0.5,0.33,0
595,7596.0,1899.0,4,1.0,3.0,0.5,0.25,1
596,13546.0,2257.67,6,2.0,2.0,0.5,0.0,3
597,10589.0,2647.25,4,3.0,6.0,0.5,0.0,3
598,12403.0,2480.6,5,5.0,6.0,0.0,0.4,2
599,13048.0,1631.0,8,5.0,7.0,0.5,0.25,0
600,6466.0,2155.33,3,4.0,8.0,0.0,0.0,1
601,5570.0,1856.67,3,10.0,4.0,0.33,0.33,1
602,3927.0,1309.0,3,3.0,8.0,0.0,0.0,1
603,13556.0,3389.0,4,9.0,1.0,0.0,0.25,0
604,2598.0,866.0,3,1.0,6.0,0.0,0.33,1
605,5114.0,1022.8,5,6.0,6.0,0.6,0.0,1
606,11607.0,1934.5,6,7.0,3.0,0.33,0.0,1
607,7925.0,3962.5,2,10.0,9.0,1.0,0.5,3
608,7577.0,2525.67,3,4.0,5.0,0.0,0.67,2
609,5853.0,1951.0,3,10.0,1.0,0.33,0.67,2
610,24470.0,2718.89,9,3.0,7.0,0.22,0.22,0
611,11889.0,2972.25,4,8.0,10.0,0.0,0.25,2
612,3002.0,1501.0,2,9.0,3.0,0.0,0.0,1
613,16766.0,4191.5,4,1.0,10.0,0.5,0.0,3
614,17075.0,2134.38,8,10.0,10.0,0.25,0.62,0
615,6589.0,1647.25,4,9.0,4.0,0.25,0.0,1
616,7965.0,2655.0,3,7.0,6.0,0.33,0.67,2
617,6746.0,1686.5,4,1.0,8.0,0.5,0.75,2
618,27892.0,3984.57,7,7.0,4.0,0.57,0.43,0
619,7293.0,2431.0,3,5.0,9.0,0.33,0.0,3
620,14011.0,1751.38,8,10.0,8.0,0.12,0.38,0
621,12578.0,2515.6,5,7.0,10.0,0.0,0.2,1
622,9288.0,3096.0,3,9.0,10.0,0.33,0.0,3
623,14322.0,2864.4,5,8.0,6.0,0.4,0.0,3
624,4398.0,1466.0,3,6.0,7.0,0.67,0.0,1
625,20308.0,2538.5,8,2.0,8.0,0.12,0.12,0
626,17690.0,2527.14,7,8.0,2.0,0.57,0.29,0
627,14190.0,2027.14,7,4.0,5.0,0.57,0.43,0
628,13748.0,3437.0,4,8.0,7.0,0.25,0.25,3
629,8584.0,1716.8,5,7.0,8.0,0.2,0.4,1
630,5663.0,1887.67,3,4.0,5.0,0.67,0.0,3
631,6444.0,3222.0,2,8.0,3.0,0.0,1.0,2
632,10357.0,2589.25,4,2.0,6.0,0.25,0.0,3
633,11978.0,2395.6,5,9.0,5.0,0.4,0.8,2
634,13732.0,3433.0,4,6.0,8.0,0.5,0.0,3
635,6677.0,1669.25,4,7.0,9.0,0.0,0.5,1
636,5858.0,1952.67,3,10.0,9.0,0.33,0.0,1
637,7815.0,2605.0,3,1.0,6.0,0.0,0.33,2
638,9274.0,2318.5,4,3.0,4.0,0.25,0.5,2
639,14355.0,2050.71,7,10.0,4.0,0.43,0.57,0
640,15154.0,2525.67,6,5.0,9.0,0.5,0.33,0
641,16720.0,3344.0,5,7.0,4.0,0.6,0.0,3
642,2524.0,1262.0,2,1.0,8.0,0.0,0.0,1
643,8432.0,1686.4,5,9.0,9.0,0.2,0.4,1
644,14752.0,2458.67,6,5.0,5.0,0.33,0.0,0
645,5990.0,1198.0,5,3.0,6.0,0.0,0.4,1
646,17128.0,2446.86,7,7.0,3.0,0.57,0.43,0
647,11149.0,1858.17,6,10.0,5.0,0.33,0.0,1
648,12055.0,2411.0,5,8.0,5.0,0.4,0.2,3
649,29765.0,2705.91,11,10.0,2.0,0.09,0.64,0
650,3016.0,1005.33,3,10.0,10.0,0.67,0.0,1
651,6215.0,2071.67,3,3.0,6.0,0.0,0.67,2
652,10844.0,2168.8,5,7.0,9.0,0.4,0.0,3
653,9659.0,3219.67,3,7.0,7.0,0.0,0.0,3
654,12576.0,2096.0,6,4.0,8.0,0.17,0.67,2
655,9145.0,2286.25,4,10.0,2.0,0.0,0.25,1
656,15449.0,3089.8,5,9.0,9.0,0.0,0.0,0
657,11565.0,2313.0,5,1.0,3.0,0.0,0.4,2
658,10600.0,2120.0,5,1.0,10.0,0.2,0.2,1
659,12733.0,1819.0,7,5.0,5.0,0.29,0.14,0
660,6042.0,2014.0,3,6.0,7.0,0.0,0.0,1
661,5385.0,1346.25,4,10.0,4.0,1.0,0.0,3
662,7925.0,3962.5,2,9.0,7.0,0.5,0.0,3
663,8720.0,1744.0,5,5.0,8.0,0.4,0.2,1
664,19818.0,2831.14,7,7.0,10.0,0.43,0.29,0
665,8105.0,2701.67,3,1.0,10.0,0.33,0.67,2
666,10534.0,2633.5,4,2.0,4.0,0.75,0.5,2
667,11613.0,1935.5,6,4.0,5.0,0.33,0.5,2
668,4688.0,1562.67,3,9.0,3.0,1.0,0.33,3
669,8914.0,1273.43,7,5.0,5.0,0.29,0.14,1
670,20177.0,2522.12,8,5.0,8.0,0.75,0.38,0
671,10856.0,1809.33,6,9.0,3.0,0.17,0.33,1
672,2238.0,1119.0,2,8.0,5.0,0.0,0.5,1
673,9718.0,2429.5,4,2.0,10.0,0.75,0.75,2
674,8925.0,2231.25,4,7.0,1.0,0.25,0.0,1
675,11196.0,1866.0,6,1.0,2.0,0.5,0.17,1
676,13983.0,2796.6,5,10.0,3.0,0.6,0.2,3
677,12107.0,2421.4,5,9.0,1.0,0.2,0.2,1
678,22227.0,3704.5,6,3.0,9.0,0.33,0.33,0
679,14185.0,2837.0,5,2.0,9.0,0.0,0.6,2
680,10966.0,2193.2,5,4.0,5.0,0.2,0.2,1
681,7905.0,3952.5,2,4.0,4.0,0.0,0.5,2
682,1846.0,1846.0,1,3.0,5.0,1.0,0.0,3
683,15874.0,3174.8,5,2.0,4.0,0.2,0.6,2
684,19318.0,2146.44,9,5.0,5.0,0.67,0.22,0
685,14264.0,2377.33,6,4.0,7.0,0.33,0.17,0
686,15098.0,2516.33,6,5.0,8.0,0.0,0.33,0
687,11485.0,2871.25,4,8.0,2.0,0.75,0.0,3
688,8128.0,2032.0,4,2.0,4.0,0.25,0.25,1
689,9914.0,3304.67,3,9.0,8.0,0.33,0.33,3
690,29324.0,3258.22,9,10.0,7.0,0.33,0.44,0
691,15648.0,3129.6,5,1.0,9.0,0.0,0.0,0
692,17767.0,3553.4,5,8.0,5.0,0.2,0.4,0
693,3014.0,1507.0,2,5.0,6.0,1.0,0.0,3
694,17270.0,2467.14,7,2.0,8.0,0.29,0.29,0
695,17819.0,2969.83,6,8.0,5.0,0.0,0.17,0
696,8409.0,2803.0,3,5.0,9.0,0.0,0.67,2
697,3195.0,639.0,5,10.0,4.0,0.6,0.2,1
698,16001.0,2285.86,7,10.0,8.0,0.43,0.14,0
699,5221.0,1305.25,4,6.0,3.0,0.75,0.25,1
700,1669.0,834.5,2,7.0,5.0,0.5,0.5,1
701,11640.0,2328.0,5,4.0,8.0,0.6,0.0,3
702,32812.0,2524.0,13,10.0,10.0,0.23,0.08,0
703,3448.0,1149.33,3,6.0,7.0,0.33,0.33,1
704,16017.0,2288.14,7,10.0,1.0,0.43,0.29,0
705,15569.0,2224.14,7,8.0,4.0,0.0,0.29,0
706,10767.0,3589.0,3,1.0,2.0,0.0,0.33,2
707,6935.0,2311.67,3,2.0,2.0,0.0,0.33,1
708,6181.0,2060.33,3,8.0,7.0,0.0,0.33,1
709,10751.0,2687.75,4,7.0,3.0,0.5,0.25,3
710,13813.0,3453.25,4,10.0,3.0,0.0,0.25,0
711,5461.0,1820.33,3,9.0,6.0,0.33,0.33,1
712,2890.0,1445.0,2,2.0,6.0,0.5,0.5,1
713,6541.0,1635.25,4,8.0,1.0,0.5,0.25,1
714,6066.0,2022.0,3,6.0,1.0,0.0,0.33,1
715,7351.0,1470.2,5,1.0,6.0,0.6,0.4,1
716,15249.0,2541.5,6,4.0,7.0,0.17,0.17,0
717,22104.0,2763.0,8,2.0,9.0,0.12,0.25,0
718,9540.0,1908.0,5,7.0,4.0,0.2,0.4,1
719,8705.0,1741.0,5,9.0,10.0,0.2,0.0,1
720,9704.0,4852.0,2,6.0,6.0,0.5,0.0,3
721,16603.0,2767.17,6,4.0,3.0,0.33,0.5,0
722,19289.0,2755.57,7,5.0,4.0,0.29,0.29,0
723,6266.0,2088.67,3,1.0,9.0,0.0,0.33,1
724,11026.0,2205.2,5,4.0,1.0,0.4,0.6,2
725,14558.0,2426.33,6,10.0,5.0,0.17,0.17,0
726,22968.0,2871.0,8,3.0,7.0,0.12,0.25,0
727,12687.0,2537.4,5,9.0,3.0,0.2,0.4,2
728,14105.0,2015.0,7,6.0,2.0,0.0,0.14,0
729,4559.0,4559.0,1,4.0,2.0,0.0,1.0,2
730,7902.0,1975.5,4,3.0,1.0,0.75,0.25,3
731,6928.0,3464.0,2,4.0,5.0,0.0,0.5,2
732,28044.0,3505.5,8,8.0,3.0,0.88,0.25,0
733,11756.0,2939.0,4,5.0,7.0,0.25,0.0,3
734,1835.0,1835.0,1,1.0,1.0,0.0,0.0,1
735,7131.0,3565.5,2,5.0,9.0,0.5,0.0,3
736,14828.0,2471.33,6,8.0,2.0,0.5,0.33,0
737,6979.0,3489.5,2,4.0,8.0,0.5,0.5,2
738,7174.0,2391.33,3,2.0,10.0,0.67,0.33,3
739,4048.0,1349.33,3,3.0,4.0,0.67,0.33,1
740,12881.0,2576.2,5,9.0,6.0,0.2,0.2,0
741,8456.0,2114.0,4,7.0,9.0,0.25,0.5,2
742,4367.0,2183.5,2,3.0,7.0,0.0,0.5,2
743,16143.0,2017.88,8,5.0,8.0,0.38,0.25,0
744,9998.0,2499.5,4,3.0,7.0,0.25,0.25,1
745,7156.0,3578.0,2,10.0,2.0,0.0,0.5,2
746,8877.0,2959.0,3,4.0,9.0,0.33,0.0,3
747,13813.0,3453.25,4,8.0,1.0,0.0,0.25,0
748,16217.0,3243.4,5,3.0,2.0,0.4,0.2,3
749,11388.0,2847.0,4,3.0,3.0,0.75,0.75,2
750,8468.0,1693.6,5,8.0,3.0,0.4,0.0,1
751,16618.0,2769.67,6,10.0,10.0,0.33,0.83,2
752,4865.0,1621.67,3,10.0,4.0,0.0,0.0,1
753,12849.0,2569.8,5,7.0,5.0,0.2,0.4,2
754,13968.0,2328.0,6,7.0,6.0,0.33,0.33,0
755,13257.0,2651.4,5,10.0,1.0,0.2,0.0,1
756,24000.0,2666.67,9,2.0,8.0,0.33,0.33,0
757,11966.0,1709.43,7,6.0,6.0,0.43,0.14,0
758,18956.0,2708.0,7,10.0,10.0,0.57,0.29,0
759,16074.0,2296.29,7,10.0,9.0,0.43,0.14,0
760,13020.0,2604.0,5,3.0,5.0,0.2,0.4,2
761,18263.0,2029.22,9,7.0,7.0,0.11,0.22,0
762,21613.0,2701.62,8,4.0,4.0,0.5,0.5,0
763,5578.0,1859.33,3,8.0,6.0,0.33,0.67,2
764,14699.0,2449.83,6,8.0,6.0,0.5,0.0,3
765,6279.0,2093.0,3,6.0,4.0,0.0,0.0,1
766,19941.0,3323.5,6,3.0,6.0,0.5,0.0,3
767,4999.0,1666.33,3,6.0,8.0,0.33,0.33,1
768,17340.0,2890.0,6,6.0,5.0,0.0,0.67,2
769,2043.0,1021.5,2,3.0,2.0,0.5,0.5,1
770,13819.0,2303.17,6,4.0,9.0,0.17,0.33,0
771,16197.0,2699.5,6,2.0,4.0,0.17,0.5,2
772,18089.0,3617.8,5,1.0,4.0,0.4,0.2,3
773,14740.0,2948.0,5,2.0,7.0,0.6,0.2,3
774,16457.0,2742.83,6,7.0,10.0,0.67,0.5,0
775,17648.0,1960.89,9,10.0,10.0,0.22,0.33,0
776,12629.0,2104.83,6,5.0,6.0,0.33,0.17,0
777,4009.0,1336.33,3,9.0,4.0,0.33,0.67,2
778,19197.0,3199.5,6,3.0,6.0,0.33,0.0,0
779,3867.0,3867.0,1,2.0,3.0,0.0,0.0,3
780,14669.0,2444.83,6,4.0,7.0,0.67,0.33,3
781,5371.0,1790.33,3,2.0,6.0,0.67,0.33,1
782,13569.0,2261.5,6,7.0,3.0,0.33,0.33,0
783,26071.0,2896.78,9,10.0,1.0,0.44,0.33,0
784,10412.0,2603.0,4,6.0,10.0,0.25,0.25,3
785,15601.0,1950.12,8,8.0,5.0,0.25,0.12,0
786,24070.0,2674.44,9,5.0,10.0,0.33,0.11,0
787,17561.0,2508.71,7,2.0,2.0,0.29,0.57,0
788,13184.0,3296.0,4,4.0,7.0,1.0,0.5,3
789,12221.0,4073.67,3,1.0,7.0,0.33,0.67,2
790,25440.0,2826.67,9,2.0,4.0,0.44,0.33,0
791,3821.0,3821.0,1,4.0,6.0,0.0,0.0,3
792,24027.0,3003.38,8,6.0,1.0,0.25,0.5,0
793,14361.0,2051.57,7,4.0,2.0,0.14,0.14,0
794,34357.0,2642.85,13,4.0,6.0,0.23,0.31,0
795,27331.0,3904.43,7,10.0,2.0,0.43,0.14,0
796,3961.0,1980.5,2,10.0,4.0,1.0,0.5,3
797,15476.0,2579.33,6,2.0,4.0,0.0,0.33,0
798,4860.0,1620.0,3,9.0,10.0,0.0,0.0,1
799,14045.0,2340.83,6,10.0,9.0,0.33,0.17,0
800,17620.0,3524.0,5,8.0,10.0,0.4,0.8,2
801,11543.0,1649.0,7,8.0,7.0,0.57,0.43,0
802,2094.0,523.5,4,5.0,7.0,0.25,0.5,1
803,11711.0,2342.2,5,3.0,1.0,0.0,0.8,2
804,8973.0,2991.0,3,6.0,5.0,0.67,0.0,3
805,12671.0,2534.2,5,9.0,3.0,0.8,0.0,3
806,17410.0,1934.44,9,8.0,3.0,0.56,0.33,0
807,9847.0,2461.75,4,7.0,6.0,0.0,0.5,2
808,26353.0,3764.71,7,8.0,4.0,0.29,0.0,0
810,19398.0,2771.14,7,6.0,4.0,0.14,0.43,0
811,11951.0,2987.75,4,6.0,8.0,0.5,0.75,2
812,8096.0,2024.0,4,2.0,4.0,0.75,0.0,3
813,21674.0,3096.29,7,8.0,3.0,0.29,0.43,0
814,21373.0,2137.3,10,3.0,5.0,0.6,0.2,0
815,6459.0,3229.5,2,5.0,5.0,0.5,0.0,3
816,11524.0,3841.33,3,8.0,10.0,0.67,0.33,3
817,10077.0,2519.25,4,9.0,10.0,0.25,0.25,3
818,10837.0,1548.14,7,9.0,1.0,0.29,0.43,1
819,19758.0,2469.75,8,5.0,8.0,0.38,0.5,0
820,4636.0,1545.33,3,2.0,8.0,0.0,0.0,1
821,19290.0,2755.71,7,7.0,8.0,0.14,0.29,0
822,9192.0,3064.0,3,7.0,10.0,0.33,0.33,3
823,27427.0,3918.14,7,8.0,4.0,0.71,0.29,0
824,9486.0,1581.0,6,8.0,9.0,0.33,0.17,1
825,18592.0,3098.67,6,5.0,10.0,0.67,0.17,3
826,6906.0,2302.0,3,6.0,3.0,0.0,0.67,2
827,11668.0,2917.0,4,4.0,7.0,0.5,0.5,2
828,18193.0,2021.44,9,4.0,6.0,0.11,0.22,0
829,4050.0,2025.0,2,3.0,9.0,0.5,0.5,2
830,22998.0,3285.43,7,8.0,4.0,0.29,0.14,0
831,13554.0,3388.5,4,3.0,4.0,0.25,0.25,3
832,20386.0,2912.29,7,5.0,6.0,0.14,0.43,0
833,24905.0,2490.5,10,2.0,8.0,0.5,0.1,0
834,21192.0,2649.0,8,6.0,3.0,0.38,0.5,0
835,10327.0,2581.75,4,6.0,8.0,0.25,0.25,3
836,13760.0,2293.33,6,6.0,8.0,0.33,0.33,0
837,9766.0,1627.67,6,6.0,7.0,0.17,0.33,1
838,3660.0,1220.0,3,1.0,7.0,0.33,0.33,1
839,8852.0,2213.0,4,5.0,5.0,0.25,0.75,2
840,14341.0,2048.71,7,2.0,2.0,0.57,0.57,2
841,3219.0,3219.0,1,10.0,2.0,0.0,0.0,1
842,13593.0,2265.5,6,5.0,10.0,0.17,0.33,0
843,10789.0,1798.17,6,10.0,8.0,0.5,0.17,3
844,15749.0,3149.8,5,9.0,6.0,0.2,0.4,0
845,21656.0,3093.71,7,4.0,8.0,0.43,0.14,0
846,9764.0,2441.0,4,8.0,3.0,0.5,0.5,2
847,20887.0,2320.78,9,1.0,1.0,0.11,0.11,0
848,9491.0,2372.75,4,8.0,6.0,0.25,0.75,2
849,16945.0,2420.71,7,6.0,2.0,0.14,0.29,0
850,24950.0,3118.75,8,8.0,9.0,0.5,0.5,0
851,7840.0,1960.0,4,6.0,5.0,0.0,0.0,1
852,12129.0,2425.8,5,3.0,5.0,0.2,0.6,2
853,14265.0,1783.12,8,8.0,10.0,0.25,0.25,0
854,32442.0,3604.67,9,5.0,8.0,0.22,0.11,0
855,13304.0,2217.33,6,6.0,6.0,0.33,0.33,0
856,12450.0,2075.0,6,5.0,3.0,0.5,0.33,0
857,17484.0,4371.0,4,7.0,9.0,0.75,0.5,3
858,11334.0,3778.0,3,10.0,10.0,0.33,0.67,2
859,16089.0,2681.5,6,9.0,4.0,0.5,0.33,0
860,3599.0,1199.67,3,7.0,10.0,0.0,0.67,2
861,6344.0,1586.0,4,6.0,4.0,0.5,0.0,1
862,11593.0,2898.25,4,5.0,2.0,0.0,0.25,1
863,10287.0,3429.0,3,9.0,3.0,0.0,0.33,2
864,25798.0,2149.83,12,10.0,4.0,0.25,0.33,0
865,24578.0,2457.8,10,2.0,7.0,0.3,0.3,0
866,15258.0,3814.5,4,6.0,3.0,0.5,0.75,2
867,12065.0,2413.0,5,8.0,8.0,0.4,0.4,2
868,11596.0,2899.0,4,8.0,8.0,0.5,0.25,3
869,16316.0,2719.33,6,2.0,10.0,0.83,0.67,2
870,3919.0,1306.33,3,8.0,2.0,0.33,0.67,1
871,22842.0,2538.0,9,5.0,4.0,0.22,0.11,0
872,17249.0,3449.8,5,2.0,8.0,0.6,0.0,3
873,6031.0,1206.2,5,7.0,1.0,0.2,0.0,1
874,10214.0,2042.8,5,7.0,1.0,0.2,0.2,1
875,4382.0,1460.67,3,3.0,4.0,0.67,0.0,1
876,7129.0,1425.8,5,1.0,2.0,0.4,0.2,1
877,6805.0,2268.33,3,4.0,1.0,0.0,0.33,1
878,9143.0,3047.67,3,2.0,8.0,0.67,0.0,3
879,9582.0,2395.5,4,4.0,2.0,0.0,0.0,1
880,10091.0,2522.75,4,8.0,4.0,0.5,0.5,2
881,14062.0,2812.4,5,2.0,3.0,0.8,0.2,3
882,7777.0,2592.33,3,1.0,2.0,0.0,0.33,1
883,11290.0,2822.5,4,3.0,8.0,0.0,0.0,1
884,9331.0,2332.75,4,10.0,3.0,0.75,0.0,3
885,27775.0,2525.0,11,7.0,9.0,0.09,0.18,0
886,25183.0,3147.88,8,6.0,10.0,0.25,0.0,0
887,8096.0,2024.0,4,6.0,5.0,0.75,0.0,3
888,5621.0,1405.25,4,7.0,9.0,0.25,0.0,1
889,5784.0,1928.0,3,8.0,3.0,0.0,0.33,1
890,6373.0,1593.25,4,3.0,5.0,0.25,0.5,1
891,10467.0,3489.0,3,3.0,10.0,0.33,0.33,3
892,7816.0,2605.33,3,10.0,6.0,0.33,0.67,2
893,20728.0,3454.67,6,8.0,9.0,0.33,0.33,0
894,7436.0,2478.67,3,7.0,8.0,0.33,0.0,3
895,11869.0,1483.62,8,10.0,2.0,0.25,0.25,0
896,8024.0,1604.8,5,5.0,2.0,0.4,0.8,2
897,6984.0,1164.0,6,4.0,5.0,0.5,0.33,1
898,19588.0,2448.5,8,6.0,5.0,0.25,0.25,0
899,11928.0,2385.6,5,9.0,5.0,0.6,0.2,3
900,11465.0,2866.25,4,6.0,4.0,0.5,0.75,2
901,3091.0,1545.5,2,8.0,8.0,0.5,0.5,1
902,12958.0,2159.67,6,1.0,5.0,0.5,0.0,3
903,17248.0,2874.67,6,6.0,1.0,0.67,0.33,0
904,20086.0,2510.75,8,2.0,10.0,0.62,0.25,0
905,19396.0,2424.5,8,3.0,5.0,0.12,0.38,0
906,13497.0,2699.4,5,6.0,1.0,0.4,0.2,3
907,3429.0,1714.5,2,2.0,4.0,0.0,0.5,1
908,7049.0,2349.67,3,4.0,1.0,0.0,0.0,1
909,12704.0,2117.33,6,6.0,6.0,0.17,0.17,1
910,14195.0,2839.0,5,5.0,6.0,0.4,0.0,3
911,12646.0,2529.2,5,6.0,1.0,0.0,0.6,2
912,13115.0,2623.0,5,6.0,8.0,0.8,0.0,3
913,11723.0,2930.75,4,8.0,4.0,0.25,0.0,3
914,12993.0,2598.6,5,9.0,2.0,0.0,0.6,2
915,16739.0,2092.38,8,5.0,1.0,0.12,0.38,0
916,18406.0,2045.11,9,6.0,3.0,0.44,0.33,0
917,16007.0,2667.83,6,6.0,7.0,0.0,0.5,2
918,9674.0,2418.5,4,6.0,10.0,0.25,0.0,3
919,9074.0,2268.5,4,2.0,10.0,0.0,0.5,2
920,5981.0,1993.67,3,4.0,8.0,0.33,0.33,1
921,11234.0,2808.5,4,1.0,5.0,0.25,0.0,3
922,286.0,286.0,1,1.0,7.0,0.0,1.0,2
923,21334.0,1939.45,11,1.0,2.0,0.27,0.45,0
924,15589.0,2598.17,6,7.0,4.0,0.33,0.33,0
925,25714.0,3673.43,7,1.0,6.0,0.43,0.14,0
926,17256.0,2465.14,7,6.0,5.0,0.14,0.29,0
927,6448.0,2149.33,3,2.0,6.0,0.0,0.0,1
928,19199.0,2742.71,7,6.0,2.0,0.57,0.14,0
929,1335.0,667.5,2,6.0,7.0,0.0,1.0,2
930,23861.0,2386.1,10,3.0,8.0,0.4,0.2,0
931,11821.0,2364.2,5,8.0,9.0,0.2,0.4,2
932,4120.0,1373.33,3,4.0,6.0,0.33,0.33,1
933,17358.0,2893.0,6,7.0,7.0,0.0,0.5,0
934,13207.0,3301.75,4,4.0,1.0,0.25,0.25,3
935,16155.0,2307.86,7,1.0,9.0,0.29,0.29,0
936,5115.0,2557.5,2,6.0,6.0,0.0,0.0,1
937,8717.0,1743.4,5,5.0,4.0,0.4,0.6,2
938,4276.0,2138.0,2,9.0,10.0,0.5,0.5,2
939,12446.0,2489.2,5,9.0,9.0,0.6,0.2,3
940,20808.0,2312.0,9,8.0,1.0,0.56,0.11,0
941,14194.0,3548.5,4,7.0,2.0,0.5,0.0,3
942,22242.0,3177.43,7,2.0,3.0,0.57,0.29,0
943,12583.0,3145.75,4,8.0,1.0,0.25,0.0,3
944,28010.0,2801.0,10,3.0,2.0,0.2,0.1,0
945,11326.0,2265.2,5,6.0,2.0,0.4,0.4,2
946,8062.0,2015.5,4,10.0,7.0,0.0,0.25,1
947,10655.0,2663.75,4,7.0,10.0,0.75,0.5,3
948,16412.0,2051.5,8,6.0,6.0,0.25,0.12,0
949,10484.0,1747.33,6,5.0,9.0,0.17,0.33,1
951,2091.0,1045.5,2,2.0,9.0,0.5,0.5,1
952,10566.0,1761.0,6,9.0,10.0,0.33,0.0,1
953,13239.0,2647.8,5,7.0,9.0,0.4,0.2,3
954,14857.0,2122.43,7,7.0,2.0,0.57,0.57,0
955,17244.0,2874.0,6,4.0,9.0,0.17,0.33,0
956,3948.0,1316.0,3,5.0,3.0,0.67,0.0,1
957,12351.0,4117.0,3,6.0,3.0,0.0,0.67,2
958,14942.0,2988.4,5,2.0,9.0,0.4,0.2,3
959,30654.0,2786.73,11,4.0,7.0,0.18,0.45,0
960,15819.0,3163.8,5,4.0,8.0,0.2,0.4,2
961,4226.0,1408.67,3,4.0,7.0,0.0,0.33,1
962,12654.0,2109.0,6,7.0,9.0,0.33,0.5,2
963,17066.0,2438.0,7,7.0,8.0,0.57,0.43,0
964,24420.0,2713.33,9,6.0,4.0,0.0,0.33,0
965,4884.0,1628.0,3,7.0,2.0,0.33,0.0,1
966,6787.0,1696.75,4,2.0,5.0,0.25,0.25,1
967,12900.0,2580.0,5,5.0,2.0,0.0,0.0,1
968,6611.0,1322.2,5,10.0,4.0,0.8,0.4,1
969,26852.0,2685.2,10,2.0,2.0,0.3,0.1,0
970,11934.0,2983.5,4,5.0,5.0,0.25,0.0,3
971,4164.0,2082.0,2,6.0,6.0,0.0,0.0,1
972,1065.0,1065.0,1,3.0,1.0,0.0,0.0,1
973,8433.0,2811.0,3,6.0,8.0,0.33,0.33,2
974,6081.0,1520.25,4,5.0,2.0,0.25,0.25,1
975,10555.0,2111.0,5,4.0,5.0,0.2,0.4,2
976,5424.0,1808.0,3,10.0,8.0,0.67,0.0,3
977,19233.0,3846.6,5,9.0,5.0,0.2,0.2,0
978,8047.0,4023.5,2,8.0,3.0,0.5,0.0,3
979,3377.0,1125.67,3,7.0,6.0,0.67,0.33,1
980,11152.0,2230.4,5,1.0,1.0,0.6,0.2,3
981,8718.0,2906.0,3,9.0,1.0,0.0,0.33,1
982,17867.0,2233.38,8,9.0,8.0,0.12,0.62,0
983,12069.0,2413.8,5,6.0,7.0,0.4,0.2,3
984,16146.0,2691.0,6,7.0,10.0,0.33,0.5,2
985,10770.0,2692.5,4,3.0,10.0,0.25,0.0,3
986,15036.0,3007.2,5,5.0,3.0,0.4,0.2,3
987,24000.0,3000.0,8,7.0,8.0,0.38,0.5,0
988,16165.0,2020.62,8,1.0,8.0,0.0,0.25,0
989,13743.0,2748.6,5,1.0,1.0,0.2,0.2,0
990,15603.0,3120.6,5,5.0,10.0,0.4,0.4,2
991,16805.0,3361.0,5,9.0,7.0,0.4,0.2,3
992,17408.0,1934.22,9,7.0,2.0,0.22,0.44,0
993,22024.0,3670.67,6,1.0,2.0,0.33,0.17,0
994,27064.0,2706.4,10,5.0,2.0,0.1,0.2,0
995,16503.0,2357.57,7,8.0,5.0,0.0,0.0,0
996,5773.0,1924.33,3,8.0,7.0,0.33,0.33,1
997,8180.0,2045.0,4,2.0,4.0,0.0,0.25,1
998,14211.0,2842.2,5,7.0,4.0,0.4,0.2,3
999,23962.0,2662.44,9,10.0,9.0,0.22,0.22,0
1000,9652.0,1608.67,6,5.0,10.0,0.17,0.17,1
